GROUP,PACKAGE,CLASS,INSTRUCTION_MISSED,INSTRUCTION_COVERED,BRANCH_MISSED,BRANCH_COVERED,LINE_MISSED,LINE_COVERED,COMPLEXITY_MISSED,COMPLEXITY_COVERED,METHOD_MISSED,METHOD_COVERED
problem2,edu.postech.csed332.homework2,BooleanExpParser.VariableContext,9,14,1,1,2,2,2,2,1,2
problem2,edu.postech.csed332.homework2,BooleanExpParser.ExpressionContext,2,12,0,0,1,5,1,3,1,3
problem2,edu.postech.csed332.homework2,Constant,13,10,0,0,4,4,4,2,4,2
problem2,edu.postech.csed332.homework2,BooleanExpParser.BinaryExpContext,24,14,1,1,5,2,5,2,4,2
problem2,edu.postech.csed332.homework2,Negation,11,10,0,0,4,4,4,2,4,2
problem2,edu.postech.csed332.homework2,Variable,15,13,1,1,5,5,5,2,4,2
problem2,edu.postech.csed332.homework2,Disjunction,9,21,0,0,4,4,4,3,4,3
problem2,edu.postech.csed332.homework2,ExpParser.new BooleanExpBaseVisitor() {...},10,78,1,2,2,7,2,6,1,5
problem2,edu.postech.csed332.homework2,ExpParser.new BaseErrorListener() {...},0,11,0,0,0,2,0,2,0,2
problem2,edu.postech.csed332.homework2,BooleanExpParser.ConstantContext,14,14,1,1,3,2,3,2,2,2
problem2,edu.postech.csed332.homework2,BooleanExpParser,115,489,17,22,27,98,20,17,6,9
problem2,edu.postech.csed332.homework2,ExpParser,3,27,0,0,1,5,1,1,1,1
problem2,edu.postech.csed332.homework2,BooleanExpLexer,16,233,0,8,8,27,8,9,8,5
problem2,edu.postech.csed332.homework2,BooleanExpParser.UnaryExpContext,15,14,1,1,3,2,3,2,2,2
problem2,edu.postech.csed332.homework2,Conjunction,9,21,0,0,4,4,4,3,4,3
problem2,edu.postech.csed332.homework2,BooleanExpParser.ParenExpContext,34,0,2,0,6,0,6,0,5,0
problem2,edu.postech.csed332.homework2,BooleanExpBaseVisitor,20,3,0,0,5,1,5,1,5,1
